tile,ch,gain_dB
E09,1,0.0
B08,1,78.92281013192019
E06,1,64.84248913453143
G09,1,72.5318872865467
C08,0,0.0
G06,1,73.85281098409686
