tile,ch,gain_dB
C07,0,62.88010992568543
B08,1,78.86705723009283
G07,1,76.60682851751156
E08,0,0.0
