tile,ch,gain_dB
D06,0,65.22487525345826
A08,0,74.06222628998134
G09,1,72.68066758300782
B06,0,75.44636314118829
C09,1,0.0
D09,0,68.04952453244701
G06,1,73.91941233145702
