tile,ch,gain_dB
F08,0,78.23871422229035
B08,1,78.61614293010942
D08,0,0.0
