tile,ch,gain_dB
A08,0,77.42084030948922
G08,1,77.12270405117765
C06,0,69.06000084077594
C09,0,0.0
E07,0,69.22678058024331
